Workbook

Sheet Summary
A1: Period tracker: Phase 1 results
A2: Backtest on FedCycleData. Numbers below pull from the other sheets.
A4: Key metric | B4: Value | C4: What it means
A5: Ovulation MAE: personal luteal vs fixed 14 (days gained) | B5: =Task1_Ovulation!H8 -> 0.215 | C5: Real but modest gain; ovulation guess stays about ±2 days regardless.
A6: Ovulation window coverage: personal luteal | B6: =Task1_Ovulation!F8 -> 0.915 | C6: Share of cycles where true ovulation falls inside the predicted window.
A7: Next-period error cut: ovulation + personal luteal (all) | B7: =Task2_NextPeriod!H9 -> 0.37926136 | C7: Biggest win: re-anchoring on confirmed ovulation with personal luteal.
A8: Next-period error cut: same, after >=3 luteals known | B8: =Task2_NextPeriod!H16 -> 0.44478064 | C8: Gain grows once personal luteal has been learned.
A9: Start within ±2 days: ovulation + 14 | B9: =Task2_NextPeriod!E7 -> 0.759 | C9: Hit rate of a ±2 day window before luteal is learned.
A10: Start within ±2 days: ovulation + personal luteal | B10: =Task2_NextPeriod!E9 -> 0.871 | C10: Hit rate once personal luteal is used.
A11: Best fixed constant after confirmed ovulation | B11: =Const_Sweep!C13 -> 13 | C11: App default is 14; dataset prefers 13 (possible frame offset).
A13: Decisions
A14: Component | B14: Decision | C14: Evidence
A15: Cycle-length engine (analyze()) | B15: Keep as is | C15: No tested upgrade (fitted prior, Kalman, split-missed) clearly beat it; differences <= 0.05 day on 135 users.
A16: Personal luteal + re-anchor on ovulation | B16: Keep | C16: Largest measured gain (see Task2_NextPeriod).
A17: Window w=2 for confirmed ovulation | B17: Optional: use w=3 until lutKnown | C17: Within ±2 hit rate is lower with the default 14 than with personal luteal.
A18: Default luteal 14 | B18: Do not change yet | C18: Bias may be a day-counting frame offset; personal luteal self-calibrates.
A19: LSTM, Kalman, fitted prior | B19: Dropped | C19: No gain at this data size; simple models already at the noise floor.
A20: Next test | B20: Needs real BBT data | C20: Dataset ovulation is near exact; real detection is later and noisier.
A22: Source: user's Colab run on Kaggle FedCycleData (nikitabisht/menstrual-cycle-data); blue = values pasted from that run, black = formulas.

Sheet Task1_Ovulation
A1: Task 1: predict OVULATION DAY before the cycle starts
A2: Error in days (prediction minus actual). Lower MAE is better. Window cov = true ovulation day inside the predicted window.
A4: All targets (personal falls back to 14 until history exists)
A5: Method | B5: MAE (days) | C5: Bias (days) | D5: Within ±1 day | E5: Within ±2 days | F5: Window coverage | G5: n | H5: MAE gain vs fixed 14 (days) | I5: % better than fixed 14
A6: Fixed 14 (app default) | B6: 2.17 | C6: -0.771 | D6: 0.468 | E6: 0.678 | F6: 0.872 | G6: 1371 | H6: =$B$6-B6 -> 0 | I6: =H6/$B$6 -> 0
A7: Population luteal | B7: 2.214 | C7: 0.229 | D7: 0.421 | E7: 0.66 | F7: 0.892 | G7: 1371 | H7: =$B$6-B7 -> -0.044 | I7: =H7/$B$6 -> -0.020276498
A8: Personal luteal | B8: 1.955 | C8: 0.099 | D8: 0.516 | E8: 0.726 | F8: 0.915 | G8: 1371 | H8: =$B$6-B8 -> 0.215 | I8: =H8/$B$6 -> 0.099078341
A9: Forward (mean past ovulation day) | B9: 1.84 | C9: 0.244 | D9: 0.544 | E9: 0.749 | F9: n/a | G9: 1371 | H9: =$B$6-B9 -> 0.33 | I9: =H9/$B$6 -> 0.15207373
A11: Only after >=3 prior luteals known (learned personal)
A12: Method | B12: MAE (days) | C12: Bias (days) | D12: Within ±1 day | E12: Within ±2 days | F12: Window coverage | G12: n | H12: MAE gain vs fixed 14 (days) | I12: % better than fixed 14
A13: Fixed 14 (app default) | B13: 2.026 | C13: -0.737 | D13: 0.496 | E13: 0.71 | F13: 0.875 | G13: 1044 | H13: =$B$13-B13 -> 0 | I13: =H13/$B$13 -> 0
A14: Population luteal | B14: 2.089 | C14: 0.263 | D14: 0.441 | E14: 0.685 | F14: 0.898 | G14: 1044 | H14: =$B$13-B14 -> -0.063 | I14: =H14/$B$13 -> -0.031095755
A15: Personal luteal | B15: 1.815 | C15: 0.141 | D15: 0.548 | E15: 0.749 | F15: 0.926 | G15: 1044 | H15: =$B$13-B15 -> 0.211 | I15: =H15/$B$13 -> 0.1041461
A16: Forward (mean past ovulation day) | B16: 1.727 | C16: 0.254 | D16: 0.562 | E16: 0.771 | F16: n/a | G16: 1044 | H16: =$B$13-B16 -> 0.299 | I16: =H16/$B$13 -> 0.14758144
A18: Gain columns: positive = more accurate than fixed 14. Bias: negative = predicted too early, positive = too late.
A19: Source: user's Colab run on Kaggle FedCycleData (nikitabisht/menstrual-cycle-data); blue = values pasted from that run, black = formulas.

Sheet Task2_NextPeriod
A1: Task 2: ovulation CONFIRMED -> predict next period start
A2: Error in days (prediction minus actual cycle length). Lower MAE is better.
A4: All targets
A5: Method | B5: MAE (days) | C5: Bias (days) | D5: Within ±1 day | E5: Within ±2 days | F5: n | G5: MAE gain vs cycle-length model (days) | H5: % error reduction vs cycle-length model
A6: Cycle-length model (no ovulation info) | B6: 2.112 | C6: -0.077 | D6: 0.486 | E6: 0.69 | F6: 1371 | G6: =$B$6-B6 -> 0 | H6: =G6/$B$6 -> 0
A7: Ovulation + 14 | B7: 1.878 | C7: 0.694 | D7: 0.527 | E7: 0.759 | F7: 1371 | G7: =$B$6-B7 -> 0.234 | H7: =G7/$B$6 -> 0.11079545
A8: Ovulation + population luteal | B8: 1.705 | C8: -0.306 | D8: 0.597 | E8: 0.806 | F8: 1371 | G8: =$B$6-B8 -> 0.407 | H8: =G8/$B$6 -> 0.19270833
A9: Ovulation + personal luteal | B9: 1.311 | C9: -0.177 | D9: 0.721 | E9: 0.871 | F9: 1371 | G9: =$B$6-B9 -> 0.801 | H9: =G9/$B$6 -> 0.37926136
A11: Only after >=3 prior luteals known
A12: Method | B12: MAE (days) | C12: Bias (days) | D12: Within ±1 day | E12: Within ±2 days | F12: n | G12: MAE gain vs cycle-length model (days) | H12: % error reduction vs cycle-length model
A13: Cycle-length model (no ovulation info) | B13: 1.983 | C13: 0.05 | D13: 0.512 | E13: 0.705 | F13: 1044 | G13: =$B$13-B13 -> 0 | H13: =G13/$B$13 -> 0
A14: Ovulation + 14 | B14: 1.737 | C14: 0.786 | D14: 0.551 | E14: 0.791 | F14: 1044 | G14: =$B$13-B14 -> 0.246 | H14: =G14/$B$13 -> 0.12405446
A15: Ovulation + population luteal | B15: 1.553 | C15: -0.214 | D15: 0.619 | E15: 0.832 | F15: 1044 | G15: =$B$13-B15 -> 0.43 | H15: =G15/$B$13 -> 0.21684317
A16: Ovulation + personal luteal | B16: 1.101 | C16: -0.091 | D16: 0.777 | E16: 0.909 | F16: 1044 | G16: =$B$13-B16 -> 0.882 | H16: =G16/$B$13 -> 0.44478064
A18: Highlighted row = best method. Dataset ovulation is monitor/hormone based (near exact); real BBT detection is later and noisier, so real numbers will be worse.
A19: Source: user's Colab run on Kaggle FedCycleData (nikitabisht/menstrual-cycle-data); blue = values pasted from that run, black = formulas.

Sheet Blend_Range
A1: Blend and range: results with users of mixed detection noise
A2: 25% of cycles never detected, bias +1 day. Blend = weight ovulation vs cycle-length by each user's own past errors. Range B = native half-width shrunk toward the user's own recent errors (80% target).
A4: (1) Next-period MAE (days) by user detection noise
A5: User group | B5: Cycle-length only | C5: Always re-anchor | D5: Blend | E5: Blend gain vs cycle-length (days) | F5: % better
A6: clean (sd<=1) | B6: 2.193 | C6: 1.878 | D6: 1.809 | E6: =B6-D6 -> 0.384 | F6: =E6/B6 -> 0.1751026
A7: mid (sd=2) | B7: 2.167 | C7: 2.497 | D7: 2.043 | E7: =B7-D7 -> 0.124 | F7: =E7/B7 -> 0.057221966
A8: messy (sd=3) | B8: 2.131 | C8: 3.09 | D8: 2.206 | E8: =B8-D8 -> -0.075 | F8: =E8/B8 -> -0.035194744
A9: ALL | B9: 2.178 | C9: 2.204 | D9: 1.923 | E9: =B9-D9 -> 0.255 | F9: =E9/B9 -> 0.11707989
A11: Within ±2 days (all users) | B11: Cycle-length only | C11: Always re-anchor | D11: Blend | E11: Blend gain (points)
A12: Share of cycles | B12: 0.684 | C12: 0.684 | D12: 0.701 | E12: =(D12-B12)*100 -> 1.7
A14: (2) Range coverage and width: A = native analyze() half-width, B = shrunk toward own recent errors
A15: By history length (cycles) | B15: n | C15: Coverage A | D15: Width A (days) | E15: Coverage B | F15: Width B (days) | G15: Width saved by B
A16: 1-2 | B16: 849 | C16: 0.888 | D16: 8.155 | E16: 0.873 | F16: 7.716 | G16: =1-F16/D16 -> 0.053832005
A17: 3-5 | B17: 1086 | C17: 0.898 | D17: 7.945 | E17: 0.833 | F17: 7.017 | G17: =1-F17/D17 -> 0.11680302
A18: 6-9 | B18: 1230 | C18: 0.886 | D18: 7.239 | E18: 0.82 | F18: 6.288 | G18: =1-F18/D18 -> 0.13137174
A19: 10+ | B19: 1353 | C19: 0.916 | D19: 6.962 | E19: 0.813 | F19: 5.468 | G19: =1-F19/D19 -> 0.21459351
A21: By user noise | B21: n | C21: Coverage A | D21: Width A (days) | E21: Coverage B | F21: Width B (days) | G21: Width saved by B
A22: clean (sd<=1) | B22: 2767 | C22: 0.912 | D22: 7.498 | E22: 0.841 | F22: 6.284 | G22: =1-F22/D22 -> 0.16190984
A23: mid (sd=2) | B23: 1096 | C23: 0.889 | D23: 7.56 | E23: 0.827 | F23: 6.745 | G23: =1-F23/D23 -> 0.10780423
A24: messy (sd=3) | B24: 655 | C24: 0.855 | D24: 7.395 | E24: 0.797 | F24: 6.906 | G24: =1-F24/D24 -> 0.066125761
A26: Target coverage | B26: 0.8
A27: Lowest coverage of B across all rows | B27: =MIN(E16:E19,E22:E24) -> 0.797
A28: B meets target in every row? | B28: =IF(B27>=B26-0.005,"Yes (within 0.5 pt)","No") -> Yes (within 0.5 pt)
A30: Reading: blend never loses badly (messy users +0.075 day) and wins overall. Range B tracks 80% per user while being narrower. Dataset is more regular than real users, so re-check on real logs.
A31: Source: user's Colab run of phase1 patch6 (blend + range). Blue = pasted from that run, black = formulas.

Sheet Const_Sweep
A1: Best fixed luteal constant (MAE in days)
A3: Constant c | B3: Task 1: ovulation = P - c | C3: Task 2: next start = ov + c
A4: 10 | B4: 3.732 | C4: 3.449
A5: 11 | B5: 3.043 | C5: 2.626
A6: 12 | B6: 2.519 | C6: 1.97
A7: 13 | B7: 2.214 | C7: 1.705
A8: 14 | B8: 2.17 | C8: 1.878
A9: 15 | B9: 2.487 | C9: 2.417
A10: 16 | B10: 3.118 | C10: 3.206
A12: Lowest MAE | B12: =MIN(B4:B10) -> 2.17 | C12: =MIN(C4:C10) -> 1.705
A13: Best constant | B13: =INDEX($A$4:$A$10,MATCH(B12,B4:B10,0)) -> 14 | C13: =INDEX($A$4:$A$10,MATCH(C12,C4:C10,0)) -> 13
A15: P = predicted cycle length from analyze(). Task 2 best constant is 13 (not 14): app's 14 runs ~0.7 day late. Possible frame offset (dataset day counting vs app's 'day before temp rise'), cannot be settled without BBT data.
A16: Source: user's Colab run on Kaggle FedCycleData (nikitabisht/menstrual-cycle-data); blue = values pasted from that run, black = formulas.

Sheet Data_Check
A1: Data check (luteal = cycle length - ovulation day)
A3: Item | B3: Value
A4: Cycles with ovulation | B4: 1515
A5: Total cycles loaded | B5: 1665
A6: Users with ovulation data | B6: 157
A7: Rows where (len - ov) = LengthofLutealPhase | B7: 1498
A8: Luteal mean (days) | B8: 13.28
A9: Luteal SD (days) | B9: 2.65
A10: Luteal median (days) | B10: 13
A11: Share of luteals in 9..17 range | B11: 0.94
A13: Share of cycles with ovulation | B13: =B4/B5 -> 0.90990991
A14: Identity holds (share of cycles) | B14: =B7/B4 -> 0.98877888
A16: SD of 2.65 days is large, so no single fixed luteal value fits everyone; that is why personalising helps.
A17: Source: user's Colab run on Kaggle FedCycleData (nikitabisht/menstrual-cycle-data); blue = values pasted from that run, black = formulas.
